DROP DATABASE IF EXISTS proyecto_turixmo;

CREATE DATABASE proyecto_turixmo;
USE proyecto_turixmo;

CREATE TABLE pais(
idpais INT NOT NULL AUTO_INCREMENT,
nombre VARCHAR(100)  NOT NULL,
nacionalidad varchar(100) NOT NULL,
primary key(idpais)
);

CREATE TABLE departamento(
iddepartamento INT NOT NULL AUTO_INCREMENT,
idpais INT NOT NULL,
nombre VARCHAR(100)  NOT NULL,
primary key(iddepartamento),
foreign key (idpais) references pais(idpais)
);

CREATE TABLE ciudad(
idciudad INT NOT NULL AUTO_INCREMENT,
iddepartamento INT NOT NULL,
nombre VARCHAR(100)  NOT NULL,
primary key(idciudad),
foreign key (iddepartamento) references departamento(iddepartamento)
);

CREATE TABLE tipodocumento(
idtipodocumento INT NOT NULL AUTO_INCREMENT,
nombre varchar(50)  NOT NULL,
primary key(idtipodocumento)
);

CREATE TABLE rol(
idrol INT NOT NULL AUTO_INCREMENT,
nombre varchar(50)  NOT NULL,
primary key(idrol)
);

CREATE TABLE usuario(
idusuario INT NOT NULL AUTO_INCREMENT,
idtipodocumento INT  NOT NULL,
numerodocumento VARCHAR(100)  NOT NULL UNIQUE,
idpais INT  NOT NULL,
idrol INT  NOT NULL,
nombre VARCHAR(100)  NOT NULL,
apellido VARCHAR(100)  NOT NULL,
correo VARCHAR(100)  NOT NULL UNIQUE,
contrasena VARCHAR(100)  NOT NULL,
celular VARCHAR(100)  NOT NULL UNIQUE,
genero boolean NULL ,
token VARCHAR(100) NULL,
imagen varchar(200) NULL,
fechanacimiento DATE NULL,
fecharegistro DATETIME  NOT NULL,
primary key(idusuario),
foreign key (idtipodocumento) references tipodocumento (idtipodocumento),
foreign key (idrol) references rol (idrol)
);

CREATE TABLE servicio (
idservicio INT NOT NULL AUTO_INCREMENT,
nombre VARCHAR(50) NOT NULL,
descripcion varchar(200) NULL,
primary key (idservicio)
);

CREATE TABLE estadoreserva (
idestadoreserva INT NOT NULL AUTO_INCREMENT,
nombre VARCHAR(50) NOT NULL,
descripcion varchar(200) NULL,
primary key (idestadoreserva)
);

CREATE TABLE tipohabitacion (
idtipohabitacion INT NOT NULL AUTO_INCREMENT,
nombre VARCHAR(100) NOT NULL,
descripcion varchar(200) NULL,
primary key (idtipohabitacion)
);

CREATE TABLE hotel(
idhotel INT NOT NULL AUTO_INCREMENT,
idusuario INT NOT NULL , 
idciudad INT NULL,
estrella INT NULL,
nombre VARCHAR(100) NOT NULL,
direccion VARCHAR(100) NOT NULL,
telefono VARCHAR(100) NULL,
celular VARCHAR(100) NOT NULL,
correo VARCHAR(100) NOT NULL,
sitioweb VARCHAR(100) NULL,
descripcion MEDIUMTEXT NULL,
fecharegistro DATETIME NOT NULL,
primary key (idhotel),
foreign key (idusuario) references usuario (idusuario),
foreign key (idciudad) references ciudad (idciudad)
);

CREATE TABLE habitacion(
idhabitacion INT NOT NULL AUTO_INCREMENT,
idtipohabitacion INT NOT NULL ,
idhotel INT NOT NULL , 
numerohabitacion VARCHAR(50) NULL,
cantidadmaxpersonas INT NOT NULL,
cantidadmimpersonas INT NOT NULL,
precionochepersona FLOAT NOT NULL,
preciobase FLOAT  NOT NULL,
numeropiso VARCHAR(50) NULL,
descripcion mediumtext NULL,
disponibilidad BOOLEAN NOT NULL,
fecharegistro DATETIME NOT NULL,
primary key (idhabitacion),
foreign key (idtipohabitacion) references tipohabitacion (idtipohabitacion),
foreign key (idhotel) references hotel (idhotel)
);

CREATE TABLE habitacionservicio (
idhabitacionservicio INT NOT NULL AUTO_INCREMENT,
idhabitacion INT NOT NULL,
idservicio INT NOT NULL,
precio FLOAT NOT NULL,
primary key (idhabitacionservicio),
foreign key (idhabitacion) references habitacion (idhabitacion),
foreign key (idservicio) references servicio (idservicio)
);


CREATE TABLE reserva(
idreserva  INT NOT NULL AUTO_INCREMENT,
idusuario INT NOT NULL, 
idestadoreserva INT NOT NULL,
preciototal FLOAT NOT NULL,
descripcion TEXT NULL,
fechaentrada DATETIME  NOT NULL,
fechasalida DATETIME  NOT NULL,
fechareserva DATETIME  NOT NULL,
primary key(idreserva),
foreign key (idusuario) references usuario (idusuario),
foreign key (idestadoreserva) references estadoreserva (idestadoreserva)
);

CREATE TABLE imagen (
idimagen INT NOT NULL AUTO_INCREMENT,
idhabitacion INT NOT NULL,
titulo varchar(100) NULL,
url varchar(500) NOT NULL,
fecharegistro DATETIME NOT NULL,
primary key (idimagen)
);

CREATE TABLE reservahabitacion (
idreservahabitacion INT NOT NULL AUTO_INCREMENT,
idhabitacion INT NOT NULL,
idreserva INT NOT NULL,
precio FLOAT NOT NULL,
descuento FLOAT NOT NULL,
fecharegistro DATETIME NOT NULL,
primary key (idreservahabitacion),
foreign key (idhabitacion) references habitacion (idhabitacion),
foreign key (idreserva) references reserva (idreserva)
);

CREATE TABLE puntuacion (
idpuntuacion INT NOT NULL AUTO_INCREMENT,
idhabitacion INT NOT NULL,
idusuario INT NOT NULL,
puntuacion INT NOT NULL,
fecharegistro DATETIME NOT NULL,
primary key (idpuntuacion),
foreign key (idhabitacion) references habitacion (idhabitacion)
);

CREATE TABLE favorito (
idfavorito INT NOT NULL AUTO_INCREMENT,
idusuario INT NOT NULL,
idhabitacion INT NOT NULL,
fecharegistro DATETIME NOT NULL,
primary key (idfavorito),
foreign key (idusuario) references usuario (idusuario)
);

CREATE TABLE comentario (
idcomentario INT NOT NULL AUTO_INCREMENT,
idhabitacion INT NOT NULL,
idusuario INT NOT NULL,
comentario MEDIUMTEXT NOT NULL,
fecharegistro DATETIME NOT NULL,
primary key (idcomentario),
foreign key (idhabitacion) references habitacion (idhabitacion)
);



-- insercion de datos basicos
-- roles o actores del sistema
INSERT INTO rol VALUES (1,"Propietario"),(2,"Administrador"),(3,"Turista");

INSERT INTO tipodocumento VALUES (1,"Cédula de ciudadania"),(2,"Cédula de extranjeria");

INSERT INTO estadoreserva VALUES (1,"En procéso",null),(2,"Finalizada",null),(3,"Cancelada",null);

INSERT INTO pais VALUES (1,"Colombia","Colombiano/a");

INSERT INTO departamento VALUES(1,1,"Amazonas"),(2,1,"Antioquia"),(3,1,"Arauca"),(4,1,"Atlántico"),
								(5,1,"Bolívar"),(6,1,"Boyacá"),(7,1,"Caldas"),(8,1,"Caquetá"),
                                (9,1,"Casanare"),(10,1,"Cauca"),(11,1,"Cesar"),(12,1,"Chocó"),
                                (13,1,"Córdoba"),(14,1,"Cundinamarca"),(15,1,"Guainía"),(16,1,"Guaviare"),
                                (17,1,"Huila"),(18,1,"La Guajira"),(19,1,"Magdalena"),(20,1,"Meta"),
                                (21,1,"Nariño"),(22,1,"Norte de Santander"),(23,1,"Putumayo"),(24,1,"Quindío"),
                                (25,1,"Risaralda"),(26,1,"San Andrés y Providencia"),(27,1,"Santander"),(28,1,"Sucre"),
							    (29,1,"Tolima"),(30,1,"Valle del Cauca"),(31,1,"Vaupés"),(32,1,"Vichada");
                                
INSERT INTO ciudad VALUES (1,1,"Leticia"),(2,2,"Medellin"),(3,3,"Arauca"),(4,4,"Barranquilla"),
							(5,5,"Cartagena"),(6,6,"Tunja"),(7,7,"Manizales"),(8,8,"Florencia"),
							(9,9,"Yopal"),(10,10,"Popayán"),(11,11,"Valledupar"),(12,12,"Quibdó"),
							(13,13,"Montería"),(14,14,"Bogotá D.C"),(15,15,"Inírida"),(16,16,"San Jose del Guaviare"),
							(17,17,"Neiva"),(18,18,"Riohacha"),(19,19,"Santa Marta"),(20,20,"Villavicencio"),
							(33,20,"Acacias"),(34,20,"Guamal"),(35,20,"Granada"),(36,20,"San Martín"),
							(21,21,"Pasto"),(22,22,"Cúcuta"),(23,23,"Mocoa"),(24,24,"Armenia"),
							(25,25,"Pereira"),(26,26,"San Andrés"),(27,27,"Bucaramanga"),(28,28,"Sincelejo"),
							(29,29,"Ibagué"),(30,30,"Cali"),(31,31,"Mitú"),(32,32,"Puerto Carreño");

INSERT INTO tipohabitacion VALUES 	(1,"Individual Sencilla","Una habitación asignada a una persona. Solo tiene una cama."),
									(2,"Individual","Una habitación asignada a una persona. Puede tener una o más camas."),
									(3,"Doble"," Una habitación asignada a dos personas. Puede tener una o más camas."),
                                    (4,"Triple","Una habitación asignada a tres personas. Puede tener dos o más camas."),
                                    (5,"Quad","Una sala asignada a cuatro personas. Puede tener dos o más camas."),
                                    (6,"Queen","Una habitación con una cama de matrimonio. Puede ser ocupado por una o más personas."),
                                    (7,"King","Una habitación con una cama king-size. Puede ser ocupado por una o más personas"),
                                    (8,"Estudio","una habitación con una cama de estudio, un sofá que se puede convertir en una cama. También puede tener una cama adicional.");
